,location_key,date,daily_confirmed,daily_tested,daily_deceased,daily_persons_vaccinated,daily_persons_fully_vaccinated,daily_vaccine_doses_administered,population,daily_cases_pervalence,daily_vaccine_doses_pervalence,daily_tested_pervalence,daily_death_rate
0,Afghanistan,1642377600000,214.0,0.0,5.0,27029.0,9035.0,30238.0,38928341.0,5.4973e-06,0.0007767606,0.0,0.023364486
1,Afghanistan,1642464000000,271.0,0.0,7.0,0.0,0.0,0.0,38928341.0,6.9615e-06,0.0,0.0,0.0258302583
2,Afghanistan,1642550400000,233.0,0.0,0.0,17285.0,3910.0,19003.0,38928341.0,5.9854e-06,0.0004881533,0.0,0.0
3,Afghanistan,1642636800000,276.0,0.0,2.0,0.0,0.0,0.0,38928341.0,7.09e-06,0.0,0.0,0.0072463768
4,Afghanistan,1642723200000,207.0,0.0,4.0,0.0,0.0,0.0,38928341.0,5.3175e-06,0.0,0.0,0.0193236715
5,Afghanistan,1642809600000,134.0,0.0,3.0,0.0,0.0,0.0,38928341.0,3.4422e-06,0.0,0.0,0.0223880597
6,Afghanistan,1642896000000,214.0,0.0,0.0,0.0,0.0,0.0,38928341.0,5.4973e-06,0.0,0.0,0.0
7,Afghanistan,1642982400000,792.0,0.0,11.0,36316.0,14576.0,42004.0,38928341.0,2.03451e-05,0.0010790082,0.0,0.0138888889
8,Afghanistan,1643068800000,727.0,0.0,8.0,0.0,0.0,0.0,38928341.0,1.86753e-05,0.0,0.0,0.0110041265
9,Afghanistan,1643155200000,301.0,0.0,2.0,24845.0,14972.0,28142.0,38928341.0,7.7322e-06,0.000722918,0.0,0.0066445183
10,Afghanistan,1643241600000,376.0,0.0,4.0,6008.0,2553.0,6868.0,38928341.0,9.6588e-06,0.0001764267,0.0,0.0106382979
11,Afghanistan,1643328000000,864.0,0.0,6.0,0.0,0.0,0.0,38928341.0,2.21946e-05,0.0,0.0,0.0069444444
12,Afghanistan,1643414400000,474.0,0.0,2.0,0.0,0.0,0.0,38928341.0,1.21762e-05,0.0,0.0,0.0042194093
13,Afghanistan,1643500800000,610.0,0.0,5.0,0.0,0.0,0.0,38928341.0,1.56698e-05,0.0,0.0,0.0081967213
14,Afghanistan,1643587200000,2386.0,0.0,13.0,37268.0,23999.0,44082.0,38928341.0,6.12921e-05,0.0011323884,0.0,0.0054484493
15,Afghanistan,1643673600000,991.0,0.0,4.0,0.0,0.0,0.0,38928341.0,2.5457e-05,0.0,0.0,0.0040363269
16,Afghanistan,1643760000000,1015.0,0.0,3.0,23092.0,19505.0,27151.0,38928341.0,2.60735e-05,0.000697461,0.0,0.002955665
17,Afghanistan,1643846400000,1039.0,0.0,2.0,0.0,0.0,0.0,38928341.0,2.66901e-05,0.0,0.0,0.0019249278
18,Afghanistan,1643932800000,354.0,0.0,5.0,0.0,0.0,0.0,38928341.0,9.0936e-06,0.0,0.0,0.0141242938
19,Afghanistan,1644019200000,479.0,0.0,7.0,0.0,0.0,0.0,38928341.0,1.23047e-05,0.0,0.0,0.0146137787
20,Afghanistan,1644105600000,733.0,0.0,10.0,0.0,0.0,0.0,38928341.0,1.88295e-05,0.0,0.0,0.0136425648
21,Afghanistan,1644192000000,2252.0,0.0,31.0,56542.0,47551.0,64701.0,38928341.0,5.78499e-05,0.0016620539,0.0,0.0137655417
22,Afghanistan,1644278400000,810.0,0.0,11.0,0.0,0.0,0.0,38928341.0,2.08075e-05,0.0,0.0,0.0135802469
23,Afghanistan,1644364800000,2018.0,0.0,34.0,0.0,0.0,0.0,38928341.0,5.18388e-05,0.0,0.0,0.0168483647
24,Afghanistan,1644451200000,505.0,0.0,6.0,0.0,0.0,0.0,38928341.0,1.29726e-05,0.0,0.0,0.0118811881
25,Afghanistan,1644537600000,777.0,0.0,15.0,0.0,0.0,0.0,38928341.0,1.99598e-05,0.0,0.0,0.0193050193
26,Afghanistan,1644624000000,452.0,0.0,6.0,0.0,0.0,0.0,38928341.0,1.16111e-05,0.0,0.0,0.0132743363
27,Afghanistan,1644710400000,472.0,0.0,7.0,0.0,0.0,0.0,38928341.0,1.21248e-05,0.0,0.0,0.0148305085
28,Afghanistan,1644883200000,1258.0,0.0,22.0,0.0,0.0,0.0,38928341.0,3.23158e-05,0.0,0.0,0.0174880763
29,Albania,1642377600000,2832.0,8746.0,6.0,0.0,0.0,0.0,2862427.0,0.0009893702,0.0,0.0030554491,0.0021186441
30,Albania,1642464000000,2643.0,7859.0,6.0,0.0,0.0,0.0,2862427.0,0.0009233423,0.0,0.0027455722,0.0022701476
31,Albania,1642550400000,2383.0,7634.0,3.0,0.0,0.0,0.0,2862427.0,0.0008325103,0.0,0.0026669676,0.0012589173
32,Albania,1642636800000,2670.0,0.0,6.0,0.0,0.0,0.0,2862427.0,0.0009327749,0.0,0.0,0.002247191
33,Albania,1642723200000,2230.0,0.0,5.0,0.0,0.0,0.0,2862427.0,0.0007790592,0.0,0.0,0.0022421525
34,Albania,1642809600000,1658.0,5367.0,8.0,0.0,0.0,0.0,2862427.0,0.0005792287,0.0,0.0018749823,0.0048250905
35,Albania,1642896000000,789.0,0.0,7.0,0.0,0.0,0.0,2862427.0,0.0002756402,0.0,0.0,0.0088719899
36,Albania,1642982400000,2156.0,7067.0,5.0,0.0,0.0,0.0,2862427.0,0.000753207,0.0,0.0024688839,0.0023191095
37,Albania,1643068800000,1562.0,0.0,6.0,0.0,0.0,0.0,2862427.0,0.0005456908,0.0,0.0,0.0038412292
38,Albania,1643155200000,1549.0,5662.0,6.0,0.0,0.0,0.0,2862427.0,0.0005411492,0.0,0.0019780417,0.0038734668
39,Albania,1643241600000,1615.0,0.0,5.0,0.0,0.0,0.0,2862427.0,0.0005642065,0.0,0.0,0.0030959752
40,Albania,1643328000000,1341.0,0.0,3.0,0.0,0.0,0.0,2862427.0,0.0004684836,0.0,0.0,0.0022371365
41,Albania,1643414400000,939.0,3500.0,5.0,0.0,0.0,0.0,2862427.0,0.0003280433,0.0,0.0012227386,0.0053248136
42,Albania,1643500800000,522.0,3030.0,4.0,26910.0,44192.0,103949.0,2862427.0,0.0001823627,0.0363149872,0.0010585423,0.0076628352
43,Albania,1643587200000,1533.0,0.0,7.0,0.0,0.0,0.0,2862427.0,0.0005355595,0.0,0.0,0.00456621
44,Albania,1643673600000,1164.0,7554.0,9.0,40632.0,45231.0,89121.0,2862427.0,0.0004066479,0.0311347678,0.0026390193,0.0077319588
45,Albania,1643760000000,1001.0,0.0,7.0,0.0,0.0,0.0,2862427.0,0.0003497032,0.0,0.0,0.006993007
46,Albania,1643846400000,931.0,0.0,2.0,0.0,0.0,0.0,2862427.0,0.0003252485,0.0,0.0,0.0021482277
47,Albania,1643932800000,793.0,0.0,5.0,0.0,0.0,0.0,2862427.0,0.0002770376,0.0,0.0,0.0063051702
48,Albania,1644019200000,659.0,3136.0,4.0,0.0,0.0,0.0,2862427.0,0.0002302242,0.0,0.0010955738,0.0060698027
49,Albania,1644105600000,251.0,0.0,7.0,4678.0,10212.0,21573.0,2862427.0,8.76878e-05,0.0075366114,0.0,0.0278884462
50,Albania,1644192000000,841.0,0.0,6.0,1059.0,2507.0,5146.0,2862427.0,0.0002938066,0.0017977751,0.0,0.0071343639
51,Albania,1644278400000,700.0,0.0,6.0,0.0,0.0,0.0,2862427.0,0.0002445477,0.0,0.0,0.0085714286
52,Albania,1644364800000,604.0,2962.0,3.0,0.0,0.0,0.0,2862427.0,0.0002110097,0.0,0.0010347862,0.0049668874
53,Albania,1644451200000,531.0,0.0,5.0,0.0,0.0,0.0,2862427.0,0.0001855069,0.0,0.0,0.0094161959
54,Albania,1644537600000,457.0,0.0,3.0,0.0,0.0,0.0,2862427.0,0.0001596547,0.0,0.0,0.0065645514
55,Albania,1644624000000,296.0,1874.0,4.0,0.0,0.0,0.0,2862427.0,0.0001034088,0.0,0.0006546892,0.0135135135
56,Albania,1644710400000,187.0,0.0,6.0,0.0,0.0,0.0,2862427.0,6.53292e-05,0.0,0.0,0.0320855615
57,Algeria,1642377600000,810.0,0.0,12.0,0.0,0.0,0.0,43851043.0,1.84716e-05,0.0,0.0,0.0148148148
58,Algeria,1642464000000,1359.0,0.0,8.0,0.0,0.0,0.0,43851043.0,3.09913e-05,0.0,0.0,0.0058866814
59,Algeria,1642550400000,1552.0,0.0,10.0,0.0,0.0,0.0,43851043.0,3.53925e-05,0.0,0.0,0.006443299
60,Algeria,1642636800000,1855.0,0.0,15.0,0.0,0.0,0.0,43851043.0,4.23023e-05,0.0,0.0,0.0080862534
61,Algeria,1642723200000,2211.0,0.0,13.0,0.0,0.0,0.0,43851043.0,5.04207e-05,0.0,0.0,0.0058796924
62,Algeria,1642809600000,2134.0,0.0,14.0,0.0,0.0,0.0,43851043.0,4.86647e-05,0.0,0.0,0.0065604499
63,Algeria,1642896000000,2215.0,0.0,13.0,0.0,0.0,0.0,43851043.0,5.05119e-05,0.0,0.0,0.0058690745
64,Algeria,1642982400000,2521.0,0.0,8.0,0.0,0.0,0.0,43851043.0,5.74901e-05,0.0,0.0,0.0031733439
65,Algeria,1643068800000,2162.0,0.0,10.0,0.0,0.0,0.0,43851043.0,4.93033e-05,0.0,0.0,0.0046253469
66,Algeria,1643155200000,2130.0,0.0,13.0,0.0,0.0,0.0,43851043.0,4.85735e-05,0.0,0.0,0.0061032864
67,Algeria,1643241600000,1870.0,0.0,6.0,0.0,0.0,0.0,43851043.0,4.26444e-05,0.0,0.0,0.0032085561
68,Algeria,1643328000000,1742.0,0.0,10.0,0.0,0.0,0.0,43851043.0,3.97254e-05,0.0,0.0,0.0057405281
69,Algeria,1643414400000,1464.0,0.0,11.0,0.0,0.0,0.0,43851043.0,3.33858e-05,0.0,0.0,0.0075136612
70,Algeria,1643500800000,1343.0,0.0,13.0,0.0,0.0,0.0,43851043.0,3.06264e-05,0.0,0.0,0.0096798213
71,Algeria,1643587200000,1403.0,0.0,14.0,0.0,0.0,0.0,43851043.0,3.19947e-05,0.0,0.0,0.0099786172
72,Algeria,1643673600000,1365.0,0.0,11.0,0.0,0.0,0.0,43851043.0,3.11281e-05,0.0,0.0,0.0080586081
73,Algeria,1643760000000,951.0,0.0,14.0,0.0,0.0,0.0,43851043.0,2.16871e-05,0.0,0.0,0.014721346
74,Algeria,1643846400000,970.0,0.0,13.0,0.0,0.0,0.0,43851043.0,2.21203e-05,0.0,0.0,0.0134020619
75,Algeria,1643932800000,792.0,0.0,9.0,0.0,0.0,0.0,43851043.0,1.80611e-05,0.0,0.0,0.0113636364
76,Algeria,1644019200000,378.0,0.0,6.0,0.0,0.0,0.0,43851043.0,8.6201e-06,0.0,0.0,0.0158730159
77,Algeria,1644105600000,502.0,0.0,8.0,0.0,0.0,0.0,43851043.0,1.14478e-05,0.0,0.0,0.015936255
78,Algeria,1644192000000,610.0,0.0,13.0,0.0,0.0,0.0,43851043.0,1.39107e-05,0.0,0.0,0.0213114754
79,Algeria,1644278400000,585.0,0.0,11.0,156113.0,207107.0,486656.0,43851043.0,1.33406e-05,0.0110979344,0.0,0.0188034188
80,Algeria,1644364800000,518.0,0.0,12.0,0.0,0.0,0.0,43851043.0,1.18127e-05,0.0,0.0,0.0231660232
81,Algeria,1644451200000,532.0,0.0,13.0,0.0,0.0,0.0,43851043.0,1.2132e-05,0.0,0.0,0.0244360902
82,Algeria,1644537600000,503.0,0.0,12.0,0.0,0.0,0.0,43851043.0,1.14707e-05,0.0,0.0,0.0238568588
83,Algeria,1644624000000,526.0,0.0,14.0,0.0,0.0,0.0,43851043.0,1.19952e-05,0.0,0.0,0.0266159696
84,Algeria,1644710400000,413.0,0.0,15.0,0.0,0.0,0.0,43851043.0,9.4182e-06,0.0,0.0,0.0363196126
85,American Samoa,1642377600000,0.0,0.0,0.0,0.0,0.0,0.0,55197.0,0.0,0.0,0.0,
86,American Samoa,1642464000000,0.0,0.0,0.0,0.0,0.0,0.0,55197.0,0.0,0.0,0.0,
87,American Samoa,1642550400000,0.0,0.0,0.0,0.0,0.0,0.0,55197.0,0.0,0.0,0.0,
88,American Samoa,1642636800000,0.0,0.0,0.0,0.0,0.0,0.0,55197.0,0.0,0.0,0.0,
89,American Samoa,1642723200000,0.0,0.0,0.0,0.0,0.0,0.0,55197.0,0.0,0.0,0.0,
90,American Samoa,1642809600000,0.0,0.0,0.0,0.0,0.0,0.0,55197.0,0.0,0.0,0.0,
91,American Samoa,1642896000000,0.0,0.0,0.0,0.0,0.0,0.0,55197.0,0.0,0.0,0.0,
92,American Samoa,1642982400000,0.0,0.0,0.0,0.0,0.0,0.0,55197.0,0.0,0.0,0.0,
93,American Samoa,1643068800000,0.0,0.0,0.0,0.0,0.0,0.0,55197.0,0.0,0.0,0.0,
94,American Samoa,1643155200000,0.0,0.0,0.0,0.0,0.0,0.0,55197.0,0.0,0.0,0.0,
95,American Samoa,1643241600000,0.0,0.0,0.0,0.0,0.0,0.0,55197.0,0.0,0.0,0.0,
96,American Samoa,1643328000000,0.0,0.0,0.0,0.0,0.0,0.0,55197.0,0.0,0.0,0.0,
97,American Samoa,1643414400000,0.0,0.0,0.0,0.0,0.0,0.0,55197.0,0.0,0.0,0.0,
98,American Samoa,1643500800000,4.0,0.0,0.0,0.0,0.0,0.0,55197.0,7.24677e-05,0.0,0.0,0.0
99,American Samoa,1643587200000,0.0,0.0,0.0,0.0,0.0,0.0,55197.0,0.0,0.0,0.0,
100,American Samoa,1643673600000,13.0,0.0,0.0,0.0,0.0,0.0,55197.0,0.00023552,0.0,0.0,0.0
101,American Samoa,1643760000000,0.0,0.0,0.0,0.0,0.0,0.0,55197.0,0.0,0.0,0.0,
102,American Samoa,1643846400000,0.0,0.0,0.0,0.0,0.0,0.0,55197.0,0.0,0.0,0.0,
103,American Samoa,1643932800000,4.0,0.0,0.0,0.0,0.0,0.0,55197.0,7.24677e-05,0.0,0.0,0.0
104,American Samoa,1644019200000,10.0,0.0,0.0,0.0,0.0,0.0,55197.0,0.0001811693,0.0,0.0,0.0
105,American Samoa,1644105600000,8.0,0.0,0.0,0.0,0.0,0.0,55197.0,0.0001449354,0.0,0.0,0.0
106,American Samoa,1644192000000,0.0,0.0,0.0,0.0,0.0,0.0,55197.0,0.0,0.0,0.0,
107,American Samoa,1644278400000,0.0,0.0,0.0,0.0,0.0,0.0,55197.0,0.0,0.0,0.0,
108,American Samoa,1644364800000,0.0,0.0,0.0,0.0,0.0,0.0,55197.0,0.0,0.0,0.0,
109,American Samoa,1644451200000,0.0,0.0,0.0,0.0,0.0,0.0,55197.0,0.0,0.0,0.0,
110,American Samoa,1644537600000,0.0,0.0,0.0,0.0,0.0,0.0,55197.0,0.0,0.0,0.0,
111,American Samoa,1644624000000,0.0,0.0,0.0,0.0,0.0,0.0,55197.0,0.0,0.0,0.0,
112,American Samoa,1644710400000,0.0,0.0,0.0,0.0,0.0,0.0,55197.0,0.0,0.0,0.0,
113,Andorra,1642377600000,0.0,0.0,0.0,0.0,0.0,0.0,77265.0,0.0,0.0,0.0,
114,Andorra,1642464000000,991.0,0.0,0.0,0.0,0.0,0.0,77265.0,0.0128259885,0.0,0.0,0.0
115,Andorra,1642550400000,629.0,0.0,0.0,0.0,0.0,0.0,77265.0,0.0081408141,0.0,0.0,0.0
116,Andorra,1642636800000,824.0,0.0,0.0,0.0,0.0,0.0,77265.0,0.0106645959,0.0,0.0,0.0
117,Andorra,1642723200000,0.0,0.0,0.0,0.0,0.0,0.0,77265.0,0.0,0.0,0.0,
118,Andorra,1642809600000,0.0,0.0,0.0,0.0,0.0,0.0,77265.0,0.0,0.0,0.0,
119,Andorra,1642896000000,0.0,0.0,0.0,66.0,58.0,4772.0,77265.0,0.0,0.0617614703,0.0,
120,Andorra,1642982400000,1676.0,0.0,1.0,0.0,0.0,0.0,77265.0,0.0216915809,0.0,0.0,0.0005966587
121,Andorra,1643068800000,327.0,0.0,0.0,0.0,0.0,0.0,77265.0,0.0042321879,0.0,0.0,0.0
122,Andorra,1643155200000,0.0,0.0,0.0,0.0,0.0,0.0,77265.0,0.0,0.0,0.0,
123,Andorra,1643241600000,528.0,0.0,0.0,0.0,0.0,0.0,77265.0,0.0068336245,0.0,0.0,0.0
124,Andorra,1643328000000,0.0,0.0,0.0,0.0,0.0,0.0,77265.0,0.0,0.0,0.0,
125,Andorra,1643414400000,0.0,0.0,0.0,0.0,0.0,0.0,77265.0,0.0,0.0,0.0,
126,Andorra,1643500800000,402.0,0.0,0.0,0.0,0.0,0.0,77265.0,0.0052028732,0.0,0.0,0.0
127,Andorra,1643587200000,0.0,0.0,0.0,0.0,0.0,0.0,77265.0,0.0,0.0,0.0,
128,Andorra,1643673600000,357.0,0.0,1.0,0.0,0.0,0.0,77265.0,0.004620462,0.0,0.0,0.0028011204
129,Andorra,1643760000000,155.0,0.0,1.0,0.0,0.0,0.0,77265.0,0.002006083,0.0,0.0,0.0064516129
130,Andorra,1643846400000,129.0,0.0,0.0,0.0,0.0,0.0,77265.0,0.0016695787,0.0,0.0,0.0
131,Andorra,1643932800000,0.0,0.0,0.0,0.0,0.0,0.0,77265.0,0.0,0.0,0.0,
132,Andorra,1644019200000,0.0,0.0,0.0,0.0,0.0,0.0,77265.0,0.0,0.0,0.0,
133,Andorra,1644105600000,209.0,0.0,0.0,0.0,0.0,0.0,77265.0,0.0027049764,0.0,0.0,0.0
134,Andorra,1644192000000,0.0,0.0,0.0,0.0,0.0,0.0,77265.0,0.0,0.0,0.0,
135,Andorra,1644278400000,181.0,0.0,1.0,0.0,0.0,0.0,77265.0,0.0023425872,0.0,0.0,0.0055248619
136,Andorra,1644364800000,85.0,0.0,0.0,0.0,0.0,0.0,77265.0,0.00110011,0.0,0.0,0.0
137,Andorra,1644451200000,66.0,0.0,0.0,0.0,0.0,0.0,77265.0,0.0008542031,0.0,0.0,0.0
138,Andorra,1644537600000,0.0,0.0,0.0,0.0,0.0,0.0,77265.0,0.0,0.0,0.0,
139,Andorra,1644624000000,0.0,0.0,0.0,0.0,0.0,0.0,77265.0,0.0,0.0,0.0,
140,Andorra,1644710400000,137.0,0.0,1.0,0.0,0.0,0.0,77265.0,0.0017731185,0.0,0.0,0.0072992701
141,Angola,1642377600000,581.0,0.0,7.0,0.0,0.0,0.0,32866267.0,1.76777e-05,0.0,0.0,0.0120481928
142,Angola,1642464000000,0.0,0.0,0.0,0.0,0.0,0.0,32866267.0,0.0,0.0,0.0,
143,Angola,1642550400000,945.0,0.0,11.0,0.0,0.0,0.0,32866267.0,2.87529e-05,0.0,0.0,0.0116402116
144,Angola,1642636800000,456.0,6708.0,3.0,0.0,0.0,0.0,32866267.0,1.38744e-05,0.0,0.0002040998,0.0065789474
145,Angola,1642723200000,226.0,0.0,2.0,0.0,0.0,0.0,32866267.0,6.8764e-06,0.0,0.0,0.0088495575
146,Angola,1642809600000,680.0,0.0,2.0,0.0,0.0,0.0,32866267.0,2.06899e-05,0.0,0.0,0.0029411765
147,Angola,1642896000000,681.0,0.0,0.0,989172.0,231168.0,1254524.0,32866267.0,2.07203e-05,0.0381705656,0.0,0.0
148,Angola,1642982400000,331.0,13038.0,3.0,0.0,0.0,0.0,32866267.0,1.00711e-05,0.0,0.0003966985,0.0090634441
149,Angola,1643068800000,218.0,0.0,1.0,0.0,0.0,0.0,32866267.0,6.6329e-06,0.0,0.0,0.004587156
150,Angola,1643155200000,89.0,0.0,1.0,0.0,0.0,0.0,32866267.0,2.7079e-06,0.0,0.0,0.0112359551
151,Angola,1643241600000,128.0,0.0,0.0,0.0,0.0,0.0,32866267.0,3.8946e-06,0.0,0.0,0.0
152,Angola,1643328000000,28.0,0.0,1.0,426150.0,191818.0,643779.0,32866267.0,8.519e-07,0.0195878345,0.0,0.0357142857
153,Angola,1643414400000,19.0,0.0,1.0,0.0,0.0,0.0,32866267.0,5.781e-07,0.0,0.0,0.0526315789
154,Angola,1643500800000,0.0,0.0,0.0,0.0,0.0,0.0,32866267.0,0.0,0.0,0.0,
155,Angola,1643587200000,150.0,0.0,0.0,0.0,0.0,0.0,32866267.0,4.564e-06,0.0,0.0,0.0
156,Angola,1643673600000,41.0,0.0,0.0,0.0,0.0,0.0,32866267.0,1.2475e-06,0.0,0.0,0.0
157,Angola,1643760000000,52.0,0.0,1.0,286087.0,148169.0,451122.0,32866267.0,1.5822e-06,0.0137259884,0.0,0.0192307692
158,Angola,1643846400000,21.0,0.0,0.0,0.0,0.0,0.0,32866267.0,6.39e-07,0.0,0.0,0.0
159,Angola,1643932800000,11.0,0.0,0.0,0.0,0.0,0.0,32866267.0,3.347e-07,0.0,0.0,0.0
160,Angola,1644019200000,13.0,0.0,0.0,0.0,0.0,0.0,32866267.0,3.955e-07,0.0,0.0,0.0
161,Angola,1644105600000,45.0,0.0,0.0,0.0,0.0,0.0,32866267.0,1.3692e-06,0.0,0.0,0.0
162,Angola,1644192000000,15.0,0.0,0.0,0.0,0.0,0.0,32866267.0,4.564e-07,0.0,0.0,0.0
163,Angola,1644278400000,29.0,0.0,0.0,0.0,0.0,0.0,32866267.0,8.824e-07,0.0,0.0,0.0
164,Angola,1644364800000,21.0,0.0,1.0,242160.0,208204.0,465832.0,32866267.0,6.39e-07,0.0141735598,0.0,0.0476190476
165,Angola,1644451200000,27.0,0.0,1.0,0.0,0.0,0.0,32866267.0,8.215e-07,0.0,0.0,0.037037037
166,Angola,1644537600000,13.0,0.0,0.0,0.0,0.0,0.0,32866267.0,3.955e-07,0.0,0.0,0.0
167,Angola,1644624000000,0.0,0.0,0.0,0.0,0.0,0.0,32866267.0,0.0,0.0,0.0,
168,Angola,1644710400000,18.0,0.0,0.0,0.0,0.0,0.0,32866267.0,5.477e-07,0.0,0.0,0.0
169,Anguilla,1642377600000,0.0,0.0,0.0,0.0,0.0,0.0,15002.0,0.0,0.0,0.0,
170,Anguilla,1642464000000,78.0,0.0,0.0,0.0,0.0,0.0,15002.0,0.0051993068,0.0,0.0,0.0
171,Anguilla,1642550400000,0.0,0.0,0.0,0.0,0.0,0.0,15002.0,0.0,0.0,0.0,
172,Anguilla,1642636800000,0.0,0.0,0.0,0.0,0.0,0.0,15002.0,0.0,0.0,0.0,
173,Anguilla,1642723200000,0.0,0.0,0.0,25.0,36.0,210.0,15002.0,0.0,0.0139981336,0.0,
174,Anguilla,1642809600000,0.0,0.0,0.0,0.0,0.0,0.0,15002.0,0.0,0.0,0.0,
175,Anguilla,1642896000000,0.0,0.0,0.0,0.0,0.0,0.0,15002.0,0.0,0.0,0.0,
176,Anguilla,1642982400000,83.0,0.0,0.0,0.0,0.0,0.0,15002.0,0.0055325957,0.0,0.0,0.0
177,Anguilla,1643068800000,0.0,0.0,0.0,0.0,0.0,0.0,15002.0,0.0,0.0,0.0,
178,Anguilla,1643155200000,0.0,0.0,0.0,0.0,0.0,0.0,15002.0,0.0,0.0,0.0,
179,Anguilla,1643241600000,54.0,0.0,1.0,0.0,0.0,0.0,15002.0,0.0035995201,0.0,0.0,0.0185185185
180,Anguilla,1643328000000,0.0,0.0,0.0,11.0,18.0,193.0,15002.0,0.0,0.0128649513,0.0,
181,Anguilla,1643414400000,0.0,0.0,0.0,0.0,0.0,0.0,15002.0,0.0,0.0,0.0,
182,Anguilla,1643500800000,37.0,0.0,0.0,0.0,0.0,0.0,15002.0,0.0024663378,0.0,0.0,0.0
183,Anguilla,1643587200000,0.0,0.0,0.0,0.0,0.0,0.0,15002.0,0.0,0.0,0.0,
184,Anguilla,1643673600000,0.0,0.0,0.0,0.0,0.0,0.0,15002.0,0.0,0.0,0.0,
185,Anguilla,1643760000000,0.0,0.0,0.0,18.0,15.0,163.0,15002.0,0.0,0.010865218,0.0,
186,Anguilla,1643846400000,23.0,0.0,0.0,0.0,0.0,0.0,15002.0,0.0015331289,0.0,0.0,0.0
187,Anguilla,1643932800000,0.0,0.0,0.0,0.0,0.0,0.0,15002.0,0.0,0.0,0.0,
188,Anguilla,1644019200000,0.0,0.0,0.0,0.0,0.0,0.0,15002.0,0.0,0.0,0.0,
189,Anguilla,1644105600000,52.0,0.0,1.0,0.0,0.0,0.0,15002.0,0.0034662045,0.0,0.0,0.0192307692
190,Anguilla,1644192000000,0.0,0.0,0.0,0.0,0.0,0.0,15002.0,0.0,0.0,0.0,
191,Anguilla,1644278400000,0.0,0.0,0.0,0.0,0.0,0.0,15002.0,0.0,0.0,0.0,
192,Anguilla,1644364800000,22.0,0.0,0.0,7.0,67.0,171.0,15002.0,0.0014664711,0.0113984802,0.0,0.0
193,Anguilla,1644451200000,0.0,0.0,0.0,0.0,0.0,0.0,15002.0,0.0,0.0,0.0,
194,Anguilla,1644537600000,0.0,0.0,0.0,0.0,0.0,0.0,15002.0,0.0,0.0,0.0,
195,Anguilla,1644624000000,0.0,0.0,0.0,0.0,0.0,0.0,15002.0,0.0,0.0,0.0,
196,Anguilla,1644710400000,39.0,0.0,0.0,0.0,0.0,0.0,15002.0,0.0025996534,0.0,0.0,0.0
197,Antigua and Barbuda,1642377600000,25.0,0.0,1.0,0.0,0.0,0.0,97928.0,0.0002552896,0.0,0.0,0.04
198,Antigua and Barbuda,1642464000000,0.0,0.0,0.0,0.0,0.0,0.0,97928.0,0.0,0.0,0.0,
199,Antigua and Barbuda,1642550400000,395.0,0.0,0.0,0.0,0.0,0.0,97928.0,0.0040335757,0.0,0.0,0.0
200,Antigua and Barbuda,1642636800000,74.0,0.0,1.0,0.0,0.0,0.0,97928.0,0.0007556572,0.0,0.0,0.0135135135
201,Antigua and Barbuda,1642723200000,116.0,0.0,0.0,0.0,0.0,0.0,97928.0,0.0011845437,0.0,0.0,0.0
202,Antigua and Barbuda,1642809600000,0.0,0.0,0.0,0.0,0.0,0.0,97928.0,0.0,0.0,0.0,
203,Antigua and Barbuda,1642896000000,0.0,0.0,0.0,0.0,0.0,0.0,97928.0,0.0,0.0,0.0,
204,Antigua and Barbuda,1642982400000,92.0,0.0,0.0,0.0,0.0,0.0,97928.0,0.0009394657,0.0,0.0,0.0
205,Antigua and Barbuda,1643068800000,0.0,0.0,0.0,0.0,0.0,0.0,97928.0,0.0,0.0,0.0,
206,Antigua and Barbuda,1643155200000,419.0,0.0,4.0,454.0,886.0,1340.0,97928.0,0.0042786537,0.0136835226,0.0,0.0095465394
207,Antigua and Barbuda,1643241600000,82.0,0.0,1.0,0.0,0.0,0.0,97928.0,0.0008373499,0.0,0.0,0.012195122
208,Antigua and Barbuda,1643328000000,34.0,0.0,0.0,0.0,0.0,0.0,97928.0,0.0003471939,0.0,0.0,0.0
209,Antigua and Barbuda,1643414400000,0.0,0.0,0.0,0.0,0.0,0.0,97928.0,0.0,0.0,0.0,
210,Antigua and Barbuda,1643500800000,69.0,0.0,0.0,0.0,0.0,0.0,97928.0,0.0007045993,0.0,0.0,0.0
211,Antigua and Barbuda,1643587200000,0.0,0.0,0.0,0.0,0.0,0.0,97928.0,0.0,0.0,0.0,
212,Antigua and Barbuda,1643673600000,105.0,0.0,0.0,0.0,0.0,0.0,97928.0,0.0010722163,0.0,0.0,0.0
213,Antigua and Barbuda,1643760000000,0.0,0.0,0.0,0.0,0.0,0.0,97928.0,0.0,0.0,0.0,
214,Antigua and Barbuda,1643846400000,0.0,0.0,0.0,0.0,0.0,0.0,97928.0,0.0,0.0,0.0,
215,Antigua and Barbuda,1643932800000,0.0,0.0,0.0,0.0,0.0,0.0,97928.0,0.0,0.0,0.0,
216,Antigua and Barbuda,1644019200000,0.0,0.0,0.0,47.0,134.0,181.0,97928.0,0.0,0.0018482967,0.0,
217,Antigua and Barbuda,1644105600000,121.0,0.0,4.0,0.0,0.0,0.0,97928.0,0.0012356017,0.0,0.0,0.0330578512
218,Antigua and Barbuda,1644192000000,0.0,0.0,0.0,0.0,0.0,0.0,97928.0,0.0,0.0,0.0,
219,Antigua and Barbuda,1644278400000,0.0,0.0,0.0,0.0,0.0,0.0,97928.0,0.0,0.0,0.0,
220,Antigua and Barbuda,1644364800000,468.0,0.0,3.0,0.0,0.0,0.0,97928.0,0.0047790213,0.0,0.0,0.0064102564
221,Antigua and Barbuda,1644451200000,10.0,0.0,0.0,0.0,0.0,0.0,97928.0,0.0001021158,0.0,0.0,0.0
222,Antigua and Barbuda,1644537600000,0.0,0.0,0.0,0.0,0.0,0.0,97928.0,0.0,0.0,0.0,
223,Antigua and Barbuda,1644624000000,0.0,0.0,0.0,0.0,0.0,0.0,97928.0,0.0,0.0,0.0,
224,Antigua and Barbuda,1644710400000,0.0,0.0,0.0,0.0,0.0,0.0,97928.0,0.0,0.0,0.0,
225,Argentina,1642377600000,394202.0,505718.0,785.0,19784.0,26192.0,45976.0,44938712.0,0.0087719915,0.0010230823,0.0112535046,0.0019913648
226,Argentina,1642464000000,369232.0,485402.0,718.0,17474.0,24881.0,42355.0,44938712.0,0.0082163459,0.0009425059,0.0108014222,0.0019445769
227,Argentina,1642550400000,339509.0,449798.0,781.0,16642.0,23934.0,40576.0,44938712.0,0.0075549339,0.0009029186,0.0100091431,0.0023003808
228,Argentina,1642636800000,314003.0,416471.0,788.0,16128.0,23598.0,39726.0,44938712.0,0.0069873609,0.000884004,0.0092675331,0.0025095302
229,Argentina,1642723200000,283315.0,382583.0,791.0,14749.0,22324.0,37073.0,44938712.0,0.0063044753,0.000824968,0.0085134394,0.0027919454
230,Argentina,1642809600000,157701.0,210616.0,798.0,6590.0,9286.0,15876.0,44938712.0,0.0035092461,0.0003532812,0.0046867387,0.0050602089
231,Argentina,1642896000000,97043.0,127781.0,742.0,3793.0,5903.0,9696.0,44938712.0,0.0021594522,0.0002157605,0.0028434504,0.007646095
232,Argentina,1642982400000,256946.0,363823.0,920.0,16014.0,24038.0,40052.0,44938712.0,0.0057176984,0.0008912583,0.0080959819,0.0035805189
233,Argentina,1643068800000,203782.0,298208.0,794.0,12477.0,19790.0,32267.0,44938712.0,0.0045346649,0.0007180224,0.0066358822,0.0038963206
234,Argentina,1643155200000,175397.0,268650.0,701.0,6.0,6.0,12.0,44938712.0,0.0039030269,2.67e-07,0.005978142,0.0039966476
235,Argentina,1643241600000,147836.0,252468.0,732.0,49007.0,82592.0,388726.0,44938712.0,0.0032897249,0.0086501367,0.0056180515,0.0049514327
236,Argentina,1643328000000,127066.0,213438.0,679.0,48696.0,82589.0,373468.0,44938712.0,0.0028275399,0.0083106076,0.0047495353,0.0053436797
237,Argentina,1643414400000,65129.0,125218.0,558.0,43156.0,72603.0,371733.0,44938712.0,0.001449285,0.0082719994,0.0027864172,0.008567612
238,Argentina,1643500800000,42661.0,83973.0,522.0,32496.0,56340.0,315886.0,44938712.0,0.0009493151,0.0070292624,0.0018686116,0.0122360001
239,Argentina,1643587200000,122273.0,208306.0,503.0,45085.0,79230.0,363848.0,44938712.0,0.0027208835,0.0080965382,0.0046353353,0.0041137455
240,Argentina,1643673600000,89783.0,179500.0,481.0,43568.0,74548.0,367319.0,44938712.0,0.0019978988,0.0081737768,0.003994329,0.0053573616
241,Argentina,1643760000000,85523.0,163007.0,529.0,42942.0,65477.0,345314.0,44938712.0,0.0019031031,0.0076841099,0.003627318,0.0061854706
242,Argentina,1643846400000,70994.0,128014.0,415.0,37708.0,66942.0,311373.0,44938712.0,0.0015797961,0.0069288368,0.0028486353,0.0058455644
243,Argentina,1643932800000,64168.0,129608.0,321.0,30822.0,57934.0,284233.0,44938712.0,0.0014279003,0.0063249031,0.0028841058,0.0050024935
244,Argentina,1644019200000,30979.0,70960.0,334.0,10155.0,18991.0,130590.0,44938712.0,0.0006893611,0.0029059578,0.0015790395,0.0107814971
245,Argentina,1644105600000,18037.0,45899.0,305.0,0.0,0.0,0.0,44938712.0,0.0004013689,0.0,0.0010213688,0.0169096856
246,Argentina,1644192000000,54880.0,122971.0,359.0,7807.0,12914.0,106754.0,44938712.0,0.0012212188,0.0023755465,0.0027364158,0.0065415452
247,Argentina,1644278400000,45794.0,111984.0,276.0,39662.0,70656.0,324329.0,44938712.0,0.0010190323,0.0072171405,0.0024919272,0.0060269904
248,Argentina,1644364800000,41985.0,106111.0,231.0,38235.0,72195.0,313954.0,44938712.0,0.0009342724,0.0069862705,0.0023612381,0.005501965
249,Argentina,1644451200000,38111.0,105525.0,199.0,40680.0,73561.0,386195.0,44938712.0,0.0008480661,0.0085938155,0.0023481981,0.0052215896
250,Argentina,1644537600000,27508.0,71213.0,168.0,36322.0,69070.0,329811.0,44938712.0,0.0006121226,0.0073391289,0.0015846694,0.0061073142
251,Argentina,1644624000000,15845.0,46348.0,162.0,29220.0,55385.0,265541.0,44938712.0,0.0003525913,0.0059089589,0.0010313602,0.0102240454
252,Argentina,1644710400000,9120.0,30725.0,119.0,14796.0,30144.0,159182.0,44938712.0,0.0002029431,0.0035422021,0.000683709,0.0130482456
253,Argentina,1644796800000,29599.0,77438.0,95.0,9540.0,18221.0,92655.0,44938712.0,0.0006586526,0.0020618081,0.0017231914,0.0032095679
254,Argentina,1644883200000,14704.0,24045.0,17.0,0.0,0.0,0.0,44938712.0,0.0003272012,0.0,0.0005350621,0.001156148
255,Armenia,1642377600000,563.0,0.0,3.0,21131.0,44360.0,67011.0,2963234.0,0.0001899951,0.0226141439,0.0,0.0053285968
256,Armenia,1642464000000,621.0,0.0,1.0,0.0,0.0,0.0,2963234.0,0.0002095683,0.0,0.0,0.001610306
257,Armenia,1642550400000,628.0,5838.0,0.0,0.0,0.0,0.0,2963234.0,0.0002119306,0.0,0.0019701448,0.0
258,Armenia,1642636800000,940.0,3605.0,0.0,0.0,0.0,0.0,2963234.0,0.000317221,0.0,0.0012165762,0.0
259,Armenia,1642723200000,814.0,0.0,2.0,0.0,0.0,0.0,2963234.0,0.0002746999,0.0,0.0,0.0024570025
260,Armenia,1642809600000,688.0,0.0,0.0,0.0,0.0,0.0,2963234.0,0.0002321788,0.0,0.0,0.0
261,Armenia,1642896000000,1332.0,4612.0,4.0,25947.0,34992.0,63853.0,2963234.0,0.0004495089,0.0215484164,0.0015564076,0.003003003
262,Armenia,1642982400000,1931.0,5713.0,1.0,0.0,0.0,0.0,2963234.0,0.0006516529,0.0,0.0019279611,0.0005178664
263,Armenia,1643068800000,2556.0,7721.0,2.0,0.0,0.0,0.0,2963234.0,0.0008625711,0.0,0.0026055992,0.0007824726
264,Armenia,1643155200000,3536.0,7407.0,0.0,0.0,0.0,0.0,2963234.0,0.0011932908,0.0,0.0024996338,0.0
265,Armenia,1643241600000,2594.0,8707.0,6.0,0.0,0.0,0.0,2963234.0,0.0008753949,0.0,0.0029383437,0.0023130301
266,Armenia,1643328000000,2085.0,7342.0,5.0,0.0,0.0,0.0,2963234.0,0.0007036231,0.0,0.0024776984,0.0023980815
267,Armenia,1643414400000,1362.0,5900.0,7.0,0.0,0.0,0.0,2963234.0,0.000459633,0.0,0.0019910679,0.0051395007
268,Armenia,1643500800000,3127.0,4673.0,3.0,45720.0,17853.0,69269.0,2963234.0,0.001055266,0.0233761492,0.0015769932,0.000959386
269,Armenia,1643587200000,3956.0,0.0,4.0,0.0,0.0,0.0,2963234.0,0.0013350279,0.0,0.0,0.0010111223
270,Armenia,1643673600000,4388.0,0.0,5.0,0.0,0.0,0.0,2963234.0,0.0014808145,0.0,0.0,0.0011394713
271,Armenia,1643760000000,4192.0,0.0,10.0,0.0,0.0,0.0,2963234.0,0.0014146706,0.0,0.0,0.0023854962
272,Armenia,1643846400000,4032.0,0.0,6.0,0.0,0.0,0.0,2963234.0,0.0013606755,0.0,0.0,0.0014880952
273,Armenia,1643932800000,2467.0,8857.0,5.0,0.0,0.0,0.0,2963234.0,0.0008325363,0.0,0.0029889641,0.0020267531
274,Armenia,1644019200000,1631.0,0.0,11.0,0.0,0.0,0.0,2963234.0,0.0005504122,0.0,0.0,0.0067443286
275,Armenia,1644105600000,2486.0,0.0,5.0,0.0,0.0,0.0,2963234.0,0.0008389483,0.0,0.0,0.0020112631
276,Armenia,1644192000000,2811.0,0.0,6.0,0.0,0.0,0.0,2963234.0,0.0009486257,0.0,0.0,0.0021344717
277,Armenia,1644278400000,2842.0,0.0,6.0,0.0,0.0,0.0,2963234.0,0.0009590873,0.0,0.0,0.0021111893
278,Armenia,1644364800000,2676.0,7636.0,31.0,0.0,0.0,0.0,2963234.0,0.0009030674,0.0,0.0025769143,0.0115844544
279,Armenia,1644451200000,2402.0,6743.0,12.0,0.0,0.0,0.0,2963234.0,0.0008106009,0.0,0.0022755543,0.0049958368
280,Armenia,1644537600000,1574.0,0.0,10.0,0.0,0.0,0.0,2963234.0,0.0005311764,0.0,0.0,0.0063532402
281,Armenia,1644624000000,695.0,0.0,19.0,0.0,0.0,0.0,2963234.0,0.000234541,0.0,0.0,0.0273381295
282,Armenia,1644710400000,1307.0,4145.0,15.0,0.0,0.0,0.0,2963234.0,0.0004410722,0.0,0.0013988095,0.0114766641
283,Aruba,1642377600000,983.0,0.0,0.0,63.0,27.0,90.0,106766.0,0.0092070509,0.000842965,0.0,0.0
284,Aruba,1642464000000,661.0,0.0,2.0,55.0,53.0,108.0,106766.0,0.0061911095,0.001011558,0.0,0.0030257186
285,Aruba,1642550400000,265.0,0.0,1.0,53.0,47.0,100.0,106766.0,0.0024820636,0.0009366278,0.0,0.0037735849
286,Aruba,1642636800000,232.0,0.0,0.0,45.0,38.0,83.0,106766.0,0.0021729764,0.000777401,0.0,0.0
287,Aruba,1642723200000,0.0,0.0,0.0,502.0,75.0,577.0,106766.0,0.0,0.0054043422,0.0,
288,Aruba,1642809600000,0.0,0.0,0.0,110.0,0.0,110.0,106766.0,0.0,0.0010302905,0.0,
289,Aruba,1642896000000,487.0,0.0,4.0,301.0,0.0,301.0,106766.0,0.0045613772,0.0028192496,0.0,0.0082135524
290,Aruba,1642982400000,83.0,0.0,2.0,0.0,0.0,0.0,106766.0,0.000777401,0.0,0.0,0.0240963855
291,Aruba,1643068800000,119.0,0.0,0.0,71.0,42.0,113.0,106766.0,0.001114587,0.0010583894,0.0,0.0
292,Aruba,1643155200000,38.0,0.0,0.0,0.0,0.0,0.0,106766.0,0.0003559186,0.0,0.0,0.0
293,Aruba,1643241600000,156.0,0.0,0.0,65.0,53.0,118.0,106766.0,0.0014611393,0.0011052208,0.0,0.0
294,Aruba,1643328000000,0.0,0.0,0.0,70.0,39.0,109.0,106766.0,0.0,0.0010209243,0.0,
295,Aruba,1643414400000,0.0,0.0,0.0,0.0,0.0,0.0,106766.0,0.0,0.0,0.0,
296,Aruba,1643500800000,238.0,0.0,0.0,0.0,0.0,0.0,106766.0,0.0022291741,0.0,0.0,0.0
297,Aruba,1643587200000,44.0,0.0,0.0,48.0,48.0,96.0,106766.0,0.0004121162,0.0008991627,0.0,0.0
298,Aruba,1643673600000,44.0,0.0,0.0,40.0,51.0,91.0,106766.0,0.0004121162,0.0008523313,0.0,0.0
299,Aruba,1643760000000,102.0,0.0,0.0,42.0,37.0,79.0,106766.0,0.0009553603,0.0007399359,0.0,0.0
300,Aruba,1643846400000,54.0,0.0,1.0,52.0,30.0,82.0,106766.0,0.000505779,0.0007680348,0.0,0.0185185185
301,Aruba,1643932800000,0.0,0.0,0.0,54.0,34.0,88.0,106766.0,0.0,0.0008242324,0.0,
302,Aruba,1644019200000,0.0,0.0,0.0,0.0,0.0,0.0,106766.0,0.0,0.0,0.0,
303,Aruba,1644105600000,102.0,0.0,1.0,0.0,0.0,0.0,106766.0,0.0009553603,0.0,0.0,0.0098039216
304,Aruba,1644192000000,26.0,0.0,0.0,56.0,29.0,85.0,106766.0,0.0002435232,0.0007961336,0.0,0.0
305,Aruba,1644278400000,49.0,0.0,1.0,41.0,33.0,74.0,106766.0,0.0004589476,0.0006931045,0.0,0.0204081633
306,Aruba,1644364800000,29.0,0.0,0.0,60.0,43.0,103.0,106766.0,0.0002716221,0.0009647266,0.0,0.0
307,Aruba,1644451200000,30.0,0.0,0.0,42.0,35.0,77.0,106766.0,0.0002809883,0.0007212034,0.0,0.0
308,Aruba,1644537600000,0.0,0.0,0.0,48.0,38.0,86.0,106766.0,0.0,0.0008054999,0.0,
309,Aruba,1644624000000,0.0,0.0,0.0,0.0,0.0,0.0,106766.0,0.0,0.0,0.0,
310,Aruba,1644710400000,64.0,0.0,2.0,0.0,0.0,0.0,106766.0,0.0005994418,0.0,0.0,0.03125
311,Australia,1642377600000,120870.0,404386.0,60.0,224633.0,5925.0,230558.0,25499881.0,0.0047400221,0.0090415324,0.0158583485,0.0004964011
312,Australia,1642464000000,103762.0,345446.0,156.0,627102.0,30906.0,658008.0,25499881.0,0.004069117,0.0258043557,0.0135469652,0.0015034406
313,Australia,1642550400000,129754.0,411138.0,130.0,615481.0,28437.0,643918.0,25499881.0,0.0050884159,0.0252518041,0.0161231341,0.0010018959
314,Australia,1642636800000,119211.0,373082.0,110.0,635076.0,30540.0,665616.0,25499881.0,0.004674963,0.02610271,0.0146307349,0.0009227336
315,Australia,1642723200000,104391.0,365846.0,186.0,673911.0,32469.0,706380.0,25499881.0,0.0040937838,0.0277013057,0.0143469689,0.0017817628
316,Australia,1642809600000,89656.0,295034.0,148.0,642001.0,29907.0,671908.0,25499881.0,0.003515938,0.0263494563,0.0115700148,0.001650754
317,Australia,1642896000000,81921.0,311302.0,80.0,371131.0,12621.0,383752.0,25499881.0,0.0032126032,0.0150491683,0.0122079785,0.0009765506
318,Australia,1642982400000,63646.0,256426.0,102.0,233346.0,9008.0,242354.0,25499881.0,0.0024959332,0.0095041228,0.0100559685,0.0016026145
319,Australia,1643068800000,72551.0,268620.0,142.0,620066.0,24868.0,644934.0,25499881.0,0.0028451505,0.0252916474,0.0105341668,0.0019572439
320,Australia,1643155200000,85652.0,306404.0,210.0,618448.0,29310.0,647758.0,25499881.0,0.0033589176,0.0254023931,0.0120158992,0.0024517816
321,Australia,1643241600000,124236.0,294304.0,144.0,156770.0,8648.0,165418.0,25499881.0,0.0048720227,0.0064870107,0.0115413872,0.0011590843
322,Australia,1643328000000,75458.0,208862.0,268.0,577241.0,34089.0,611330.0,25499881.0,0.0029591511,0.0239738374,0.0081907049,0.0035516446
323,Australia,1643414400000,69881.0,260818.0,190.0,582510.0,35132.0,617642.0,25499881.0,0.0027404442,0.0242213679,0.0102282046,0.0027189079
324,Australia,1643500800000,313992.0,227802.0,170.0,327459.0,20631.0,348090.0,25499881.0,0.0123134692,0.0136506519,0.0089334535,0.0005414151
325,Australia,1643587200000,56997.0,223004.0,84.0,170403.0,12175.0,182578.0,25499881.0,0.0022351869,0.007159955,0.0087452957,0.0014737618
326,Australia,1643673600000,65664.0,185094.0,154.0,489141.0,34931.0,524072.0,25499881.0,0.0025750708,0.020551939,0.0072586221,0.0023452729
327,Australia,1643760000000,84751.0,260694.0,138.0,503230.0,30242.0,533472.0,25499881.0,0.0033235841,0.0209205682,0.0102233418,0.0016282994
328,Australia,1643846400000,70296.0,220376.0,170.0,484744.0,29186.0,513930.0,25499881.0,0.0027567187,0.0201542117,0.0086422364,0.0024183453
329,Australia,1643932800000,60407.0,200480.0,168.0,480268.0,28546.0,508814.0,25499881.0,0.002368913,0.0199535833,0.0078619975,0.0027811346
330,Australia,1644019200000,52455.0,196634.0,166.0,467453.0,29501.0,496954.0,25499881.0,0.0020570684,0.0194884831,0.0077111732,0.0031646173
331,Australia,1644105600000,44854.0,165420.0,90.0,241136.0,16026.0,257162.0,25499881.0,0.0017589886,0.0100848314,0.0064870891,0.00200651
332,Australia,1644192000000,43445.0,191338.0,92.0,131640.0,9796.0,141436.0,25499881.0,0.0017037334,0.0055465357,0.007503486,0.00211762
333,Australia,1644278400000,52429.0,172264.0,112.0,410243.0,24287.0,434530.0,25499881.0,0.0020560488,0.0170404717,0.0067554825,0.0021362223
334,Australia,1644364800000,58473.0,227782.0,126.0,418033.0,24217.0,442250.0,25499881.0,0.0022930695,0.0173432182,0.0089326691,0.0021548407
335,Australia,1644451200000,55524.0,189272.0,130.0,404758.0,26284.0,431042.0,25499881.0,0.0021774219,0.0169036867,0.007422466,0.0023413299
336,Australia,1644537600000,50697.0,141564.0,96.0,380248.0,24812.0,405060.0,25499881.0,0.0019881269,0.01588478,0.0055515553,0.0018936032
337,Australia,1644624000000,42397.0,203960.0,134.0,383004.0,24934.0,407938.0,25499881.0,0.0016626352,0.0159976433,0.0079984687,0.003160601
338,Australia,1644710400000,45212.0,165008.0,94.0,204657.0,13483.0,218140.0,25499881.0,0.0017730279,0.0085545497,0.0064709322,0.002079094
339,Australia,1644796800000,36432.0,143984.0,50.0,93332.0,6442.0,99774.0,25499881.0,0.0014287125,0.0039127241,0.0056464577,0.0013724199
340,Australia,1644883200000,65170.0,115422.0,102.0,314960.0,20924.0,335884.0,25499881.0,0.0025556982,0.013171983,0.0045263741,0.0015651373
341,Austria,1642377600000,55125.0,906016.0,15.0,0.0,0.0,0.0,8858775.0,0.0062226436,0.0,0.1022732827,0.0002721088
342,Austria,1642464000000,84537.0,1064862.0,15.0,0.0,0.0,0.0,8858775.0,0.0095427415,0.0,0.1202042043,0.0001774371
343,Austria,1642550400000,75567.0,1684720.0,33.0,0.0,0.0,0.0,8858775.0,0.0085301862,0.0,0.1901752782,0.0004366986
344,Austria,1642636800000,89253.0,2776554.0,12.0,0.0,0.0,0.0,8858775.0,0.010075095,0.0,0.3134241472,0.0001344493
345,Austria,1642723200000,80229.0,1233560.0,42.0,27484.0,37739.0,240506.0,8858775.0,0.009056444,0.0271489004,0.1392472436,0.0005235015
346,Austria,1642809600000,70341.0,1078546.0,24.0,0.0,0.0,0.0,8858775.0,0.0079402626,0.0,0.1217488874,0.000341195
347,Austria,1642896000000,75789.0,930294.0,45.0,0.0,0.0,0.0,8858775.0,0.0085552461,0.0,0.1050138422,0.0005937537
348,Austria,1642982400000,80307.0,915242.0,36.0,0.0,0.0,0.0,8858775.0,0.0090652489,0.0,0.103314736,0.0004482797
349,Austria,1643068800000,114906.0,1067992.0,27.0,0.0,0.0,0.0,8858775.0,0.0129708679,0.0,0.1205575263,0.0002349747
350,Austria,1643155200000,107691.0,1582274.0,27.0,0.0,0.0,0.0,8858775.0,0.0121564212,0.0,0.1786109253,0.0002507173
351,Austria,1643241600000,113886.0,3471086.0,45.0,0.0,0.0,0.0,8858775.0,0.0128557278,0.0,0.3918246033,0.000395132
352,Austria,1643328000000,101223.0,1403238.0,54.0,18828.0,31713.0,195427.0,8858775.0,0.0114262977,0.0220602736,0.1584009076,0.0005334756
353,Austria,1643414400000,87234.0,1136268.0,30.0,0.0,0.0,0.0,8858775.0,0.0098471854,0.0,0.1282646867,0.0003439026
354,Austria,1643500800000,78678.0,851572.0,45.0,0.0,0.0,0.0,8858775.0,0.0088813634,0.0,0.096127512,0.0005719515
355,Austria,1643587200000,83580.0,584126.0,30.0,0.0,0.0,0.0,8858775.0,0.009434713,0.0,0.0659375591,0.0003589375
356,Austria,1643673600000,132504.0,1417624.0,33.0,0.0,0.0,0.0,8858775.0,0.0149573728,0.0,0.1600248341,0.0002490491
357,Austria,1643760000000,101208.0,2447846.0,48.0,0.0,0.0,0.0,8858775.0,0.0114246044,0.0,0.2763187913,0.0004742708
358,Austria,1643846400000,110775.0,2322392.0,66.0,0.0,0.0,0.0,8858775.0,0.0125045506,0.0,0.2621572396,0.0005958023
359,Austria,1643932800000,99996.0,1193478.0,42.0,11637.0,31579.0,197150.0,8858775.0,0.0112877909,0.02225477,0.1347226902,0.0004200168
360,Austria,1644019200000,90321.0,1091824.0,60.0,0.0,0.0,0.0,8858775.0,0.0101956535,0.0,0.1232477402,0.0006642973
361,Austria,1644105600000,78273.0,984772.0,48.0,0.0,0.0,0.0,8858775.0,0.008835646,0.0,0.1111634509,0.0006132383
362,Austria,1644192000000,86607.0,834256.0,63.0,0.0,0.0,0.0,8858775.0,0.0097764081,0.0,0.0941728399,0.0007274239
363,Austria,1644278400000,119880.0,1251870.0,39.0,0.0,0.0,0.0,8858775.0,0.013532345,0.0,0.1413141207,0.0003253253
364,Austria,1644364800000,106158.0,1516402.0,30.0,0.0,0.0,0.0,8858775.0,0.0119833724,0.0,0.1711751343,0.0002825976
365,Austria,1644451200000,100431.0,1657402.0,54.0,0.0,0.0,0.0,8858775.0,0.0113368948,0.0,0.1870915561,0.0005376826
366,Austria,1644537600000,90684.0,858754.0,75.0,8081.0,23751.0,101499.0,8858775.0,0.0102366298,0.0114574532,0.0969382336,0.0008270478
367,Austria,1644624000000,76074.0,1363602.0,75.0,0.0,0.0,0.0,8858775.0,0.0085874176,0.0,0.1539266998,0.0009858822
368,Austria,1644710400000,73587.0,738384.0,33.0,0.0,0.0,0.0,8858775.0,0.008306679,0.0,0.0833505761,0.0004484488
369,Austria,1644796800000,70368.0,503126.0,33.0,0.0,0.0,0.0,8858775.0,0.0079433104,0.0,0.0567940827,0.0004689632
370,Austria,1644883200000,0.0,1419698.0,0.0,0.0,0.0,0.0,8858775.0,0.0,0.0,0.1602589523,
371,Azerbaijan,1642377600000,930.0,0.0,12.0,2.0,0.0,6.0,10139175.0,9.17234e-05,5.918e-07,0.0,0.0129032258
372,Azerbaijan,1642464000000,1151.0,0.0,9.0,3044.0,3504.0,29596.0,10139175.0,0.0001135201,0.0029189752,0.0,0.0078192876
373,Azerbaijan,1642550400000,1186.0,0.0,14.0,2746.0,2953.0,28097.0,10139175.0,0.000116972,0.0027711328,0.0,0.0118043845
374,Azerbaijan,1642636800000,1068.0,0.0,17.0,2619.0,2651.0,26784.0,10139175.0,0.000105334,0.002641635,0.0,0.015917603
375,Azerbaijan,1642723200000,1614.0,0.0,16.0,722.0,773.0,8471.0,10139175.0,0.0001591845,0.0008354723,0.0,0.009913259
376,Azerbaijan,1642809600000,1697.0,0.0,13.0,2621.0,2791.0,26217.0,10139175.0,0.0001673706,0.0025857133,0.0,0.0076605775
377,Azerbaijan,1642896000000,757.0,0.0,9.0,2042.0,2122.0,22586.0,10139175.0,7.46609e-05,0.0022275974,0.0,0.0118890357
378,Azerbaijan,1642982400000,2468.0,0.0,13.0,1.0,1.0,3.0,10139175.0,0.0002434123,2.959e-07,0.0,0.005267423
379,Azerbaijan,1643068800000,3192.0,0.0,18.0,3255.0,2882.0,31667.0,10139175.0,0.0003148185,0.0031232324,0.0,0.0056390977
380,Azerbaijan,1643155200000,3361.0,25368.0,14.0,2621.0,2549.0,30563.0,10139175.0,0.0003314865,0.0030143478,0.0025019787,0.004165427
381,Azerbaijan,1643241600000,3564.0,0.0,19.0,2565.0,2201.0,29515.0,10139175.0,0.0003515079,0.0029109863,0.0,0.0053310887
382,Azerbaijan,1643328000000,4268.0,0.0,17.0,2503.0,2065.0,30887.0,10139175.0,0.0004209415,0.0030463031,0.0,0.0039831303
383,Azerbaijan,1643414400000,4943.0,0.0,20.0,2945.0,1889.0,34546.0,10139175.0,0.000487515,0.0034071806,0.0,0.0040461258
384,Azerbaijan,1643500800000,2186.0,7232.0,14.0,2374.0,1310.0,29728.0,10139175.0,0.0002155994,0.002931994,0.000713273,0.0064043916
385,Azerbaijan,1643587200000,5223.0,15945.0,21.0,0.0,5.0,18.0,10139175.0,0.0005151307,1.7753e-06,0.0015726132,0.0040206778
386,Azerbaijan,1643673600000,6620.0,18797.0,24.0,3308.0,1420.0,38362.0,10139175.0,0.0006529131,0.0037835425,0.0018538984,0.0036253776
387,Azerbaijan,1643760000000,6113.0,17272.0,18.0,3062.0,1412.0,36866.0,10139175.0,0.000602909,0.003635996,0.0017034917,0.0029445444
388,Azerbaijan,1643846400000,7050.0,19481.0,26.0,3080.0,1921.0,38436.0,10139175.0,0.0006953228,0.003790841,0.0019213595,0.0036879433
389,Azerbaijan,1643932800000,7704.0,0.0,23.0,2989.0,1811.0,35400.0,10139175.0,0.0007598251,0.0034914083,0.0,0.0029854621
390,Azerbaijan,1644019200000,7474.0,0.0,25.0,3098.0,2025.0,36448.0,10139175.0,0.0007371408,0.0035947698,0.0,0.0033449291
391,Azerbaijan,1644105600000,4680.0,0.0,27.0,2457.0,1632.0,32276.0,10139175.0,0.000461576,0.0031832965,0.0,0.0057692308
392,Azerbaijan,1644192000000,7032.0,0.0,22.0,1.0,0.0,59.0,10139175.0,0.0006935476,5.819e-06,0.0,0.0031285552
393,Azerbaijan,1644278400000,7779.0,0.0,28.0,3652.0,2204.0,43126.0,10139175.0,0.0007672222,0.0042534033,0.0,0.0035994344
394,Azerbaijan,1644364800000,7632.0,0.0,24.0,3438.0,2165.0,44505.0,10139175.0,0.000752724,0.0043894104,0.0,0.0031446541
395,Azerbaijan,1644451200000,6603.0,0.0,26.0,3145.0,2039.0,43027.0,10139175.0,0.0006512364,0.0042436392,0.0,0.0039376041
396,Azerbaijan,1644537600000,5948.0,0.0,29.0,2877.0,1902.0,41364.0,10139175.0,0.0005866355,0.0040796219,0.0,0.0048755884
397,Azerbaijan,1644624000000,6841.0,0.0,23.0,3069.0,1788.0,43692.0,10139175.0,0.0006747097,0.0043092263,0.0,0.0033620816
398,Azerbaijan,1644710400000,2749.0,0.0,27.0,2894.0,1761.0,43929.0,10139175.0,0.0002711266,0.004332601,0.0,0.0098217534
399,Bahamas,1642377600000,0.0,606.0,0.0,0.0,0.0,0.0,393248.0,0.0,0.0,0.0015410123,
400,Bahamas,1642464000000,173.0,500.0,0.0,0.0,0.0,0.0,393248.0,0.000439926,0.0,0.0012714623,0.0
401,Bahamas,1642550400000,144.0,847.0,7.0,0.0,0.0,0.0,393248.0,0.0003661811,0.0,0.0021538571,0.0486111111
402,Bahamas,1642636800000,222.0,428.0,0.0,0.0,0.0,0.0,393248.0,0.0005645293,0.0,0.0010883717,0.0
403,Bahamas,1642723200000,0.0,273.0,0.0,0.0,0.0,0.0,393248.0,0.0,0.0,0.0006942184,
404,Bahamas,1642809600000,0.0,429.0,0.0,0.0,0.0,0.0,393248.0,0.0,0.0,0.0010909146,
405,Bahamas,1642896000000,222.0,586.0,3.0,0.0,0.0,0.0,393248.0,0.0005645293,0.0,0.0014901538,0.0135135135
406,Bahamas,1642982400000,101.0,882.0,2.0,0.0,0.0,0.0,393248.0,0.0002568354,0.0,0.0022428595,0.0198019802
407,Bahamas,1643068800000,44.0,694.0,0.0,0.0,0.0,0.0,393248.0,0.0001118887,0.0,0.0017647896,0.0
408,Bahamas,1643155200000,94.0,350.0,4.0,1540.0,1148.0,6076.0,393248.0,0.0002390349,0.0154508097,0.0008900236,0.0425531915
409,Bahamas,1643241600000,43.0,452.0,4.0,0.0,0.0,0.0,393248.0,0.0001093458,0.0,0.0011494019,0.0930232558
410,Bahamas,1643328000000,67.0,329.0,6.0,0.0,0.0,0.0,393248.0,0.0001703759,0.0,0.0008366222,0.0895522388
411,Bahamas,1643414400000,26.0,509.0,1.0,0.0,0.0,0.0,393248.0,6.6116e-05,0.0,0.0012943486,0.0384615385
412,Bahamas,1643500800000,0.0,0.0,0.0,0.0,0.0,0.0,393248.0,0.0,0.0,0.0,
413,Bahamas,1643587200000,50.0,0.0,0.0,0.0,0.0,0.0,393248.0,0.0001271462,0.0,0.0,0.0
414,Bahamas,1643673600000,83.0,0.0,2.0,0.0,0.0,0.0,393248.0,0.0002110627,0.0,0.0,0.0240963855
415,Bahamas,1643760000000,0.0,0.0,0.0,0.0,0.0,0.0,393248.0,0.0,0.0,0.0,
416,Bahamas,1643846400000,35.0,0.0,0.0,0.0,0.0,0.0,393248.0,8.90024e-05,0.0,0.0,0.0
417,Bahamas,1643932800000,0.0,0.0,0.0,0.0,0.0,0.0,393248.0,0.0,0.0,0.0,
418,Bahamas,1644019200000,122.0,0.0,5.0,0.0,0.0,0.0,393248.0,0.0003102368,0.0,0.0,0.0409836066
419,Bahamas,1644105600000,0.0,627.0,0.0,0.0,0.0,0.0,393248.0,0.0,0.0,0.0015944137,
420,Bahamas,1644192000000,0.0,253.0,0.0,0.0,0.0,0.0,393248.0,0.0,0.0,0.0006433599,
421,Bahamas,1644278400000,0.0,377.0,0.0,0.0,0.0,0.0,393248.0,0.0,0.0,0.0009586826,
422,Bahamas,1644364800000,69.0,353.0,3.0,1141.0,1340.0,4430.0,393248.0,0.0001754618,0.0112651558,0.0008976524,0.0434782609
423,Bahamas,1644451200000,32.0,377.0,1.0,0.0,0.0,0.0,393248.0,8.13736e-05,0.0,0.0009586826,0.03125
424,Bahamas,1644537600000,22.0,286.0,0.0,0.0,0.0,0.0,393248.0,5.59443e-05,0.0,0.0007272764,0.0
425,Bahamas,1644624000000,6.0,0.0,9.0,0.0,0.0,0.0,393248.0,1.52575e-05,0.0,0.0,1.5
426,Bahamas,1644710400000,0.0,0.0,0.0,0.0,0.0,0.0,393248.0,0.0,0.0,0.0,
427,Bahrain,1642377600000,3020.0,0.0,0.0,622.0,957.0,5508.0,1701583.0,0.0017748179,0.0032369858,0.0,0.0
428,Bahrain,1642464000000,3459.0,0.0,0.0,433.0,749.0,3974.0,1701583.0,0.002032813,0.0023354723,0.0,0.0
429,Bahrain,1642550400000,3303.0,0.0,0.0,315.0,597.0,3070.0,1701583.0,0.0019411336,0.0018042023,0.0,0.0
430,Bahrain,1642636800000,3616.0,0.0,0.0,357.0,201.0,3494.0,1701583.0,0.00212508,0.0020533821,0.0,0.0
431,Bahrain,1642723200000,3162.0,0.0,1.0,129.0,99.0,1324.0,1701583.0,0.0018582696,0.000778099,0.0,0.0003162555
432,Bahrain,1642809600000,3155.0,0.0,0.0,94.0,53.0,963.0,1701583.0,0.0018541558,0.0005659436,0.0,0.0
433,Bahrain,1642896000000,3543.0,0.0,0.0,483.0,680.0,5013.0,1701583.0,0.0020821788,0.0029460802,0.0,0.0
434,Bahrain,1642982400000,4360.0,0.0,0.0,326.0,519.0,2991.0,1701583.0,0.0025623199,0.001757775,0.0,0.0
435,Bahrain,1643068800000,4876.0,0.0,1.0,6398.0,153.0,8622.0,1701583.0,0.0028655669,0.0050670464,0.0,0.0002050861
436,Bahrain,1643155200000,5255.0,0.0,2.0,712.0,147.0,2716.0,1701583.0,0.0030883007,0.0015961608,0.0,0.0003805899
437,Bahrain,1643241600000,6659.0,0.0,1.0,741.0,164.0,2827.0,1701583.0,0.0039134147,0.0016613941,0.0,0.0001501727
438,Bahrain,1643328000000,6708.0,0.0,1.0,914.0,55.0,2090.0,1701583.0,0.0039422115,0.001228268,0.0,0.0001490757
439,Bahrain,1643414400000,6745.0,0.0,3.0,807.0,52.0,1750.0,1701583.0,0.0039639559,0.0010284541,0.0,0.0004447739
440,Bahrain,1643500800000,5808.0,28903.0,1.0,1196.0,862.0,4100.0,1701583.0,0.0034132922,0.002409521,0.0169859478,0.0001721763
441,Bahrain,1643587200000,8173.0,0.0,0.0,224.0,418.0,2272.0,1701583.0,0.0048031745,0.0013352273,0.0,0.0
442,Bahrain,1643673600000,7853.0,0.0,1.0,428.0,450.0,2310.0,1701583.0,0.0046151143,0.0013575594,0.0,0.0001273399
443,Bahrain,1643760000000,8064.0,31088.0,1.0,418.0,500.0,2362.0,1701583.0,0.0047391165,0.0013881192,0.0182700462,0.0001240079
444,Bahrain,1643846400000,7273.0,33630.0,0.0,625.0,473.0,2904.0,1701583.0,0.0042742552,0.0017066461,0.0197639492,0.0
445,Bahrain,1643932800000,7434.0,0.0,1.0,440.0,153.0,1308.0,1701583.0,0.004368873,0.000768696,0.0,0.0001345171
446,Bahrain,1644019200000,7709.0,0.0,0.0,344.0,200.0,1246.0,1701583.0,0.0045304872,0.0007322593,0.0,0.0
447,Bahrain,1644105600000,7042.0,0.0,3.0,382.0,636.0,2716.0,1701583.0,0.0041384993,0.0015961608,0.0,0.0004260153
448,Bahrain,1644192000000,7121.0,0.0,2.0,301.0,417.0,1962.0,1701583.0,0.0041849266,0.001153044,0.0,0.0002808594
449,Bahrain,1644278400000,6581.0,0.0,2.0,286.0,415.0,1832.0,1701583.0,0.0038675751,0.0010766445,0.0,0.0003039052
450,Bahrain,1644364800000,6341.0,0.0,1.0,222.0,140.0,1704.0,1701583.0,0.0037265299,0.0010014204,0.0,0.0001577038
451,Bahrain,1644451200000,5750.0,0.0,2.0,0.0,0.0,0.0,1701583.0,0.0033792063,0.0,0.0,0.0003478261
452,Bahrain,1644537600000,4623.0,0.0,4.0,0.0,0.0,0.0,1701583.0,0.0027168819,0.0,0.0,0.000865239
453,Bahrain,1644624000000,5266.0,0.0,2.0,0.0,0.0,0.0,1701583.0,0.0030947653,0.0,0.0,0.0003797949
454,Bahrain,1644710400000,4818.0,0.0,0.0,0.0,0.0,0.0,1701583.0,0.002831481,0.0,0.0,0.0
455,Bangladesh,1642377600000,9500.0,35054.0,12.0,2218442.0,557246.0,2919645.0,164689383.0,5.76843e-05,0.017728192,0.0002128492,0.0012631579
456,Bangladesh,1642464000000,10888.0,37830.0,4.0,1081317.0,323823.0,1461968.0,164689383.0,6.61123e-05,0.0088771235,0.0002297052,0.0003673769
457,Bangladesh,1642550400000,11434.0,41292.0,12.0,930700.0,312234.0,1318475.0,164689383.0,6.94277e-05,0.0080058288,0.0002507265,0.0010495015
458,Bangladesh,1642636800000,9614.0,40134.0,17.0,1103695.0,329987.0,1518793.0,164689383.0,5.83766e-05,0.009222167,0.0002436951,0.0017682546
459,Bangladesh,1642723200000,10906.0,34311.0,14.0,0.0,0.0,0.0,164689383.0,6.62216e-05,0.0,0.0002083377,0.001283697
460,Bangladesh,1642809600000,14828.0,34854.0,15.0,977259.0,367599.0,1423377.0,164689383.0,9.00362e-05,0.0086427976,0.0002116348,0.0010115997
461,Bangladesh,1642896000000,16033.0,45807.0,18.0,0.0,0.0,0.0,164689383.0,9.7353e-05,0.0,0.0002781418,0.0011226845
462,Bangladesh,1642982400000,15527.0,49492.0,17.0,611799.0,370395.0,1069058.0,164689383.0,9.42805e-05,0.0064913596,0.0003005172,0.001094867
463,Bangladesh,1643068800000,15807.0,49073.0,15.0,688005.0,365286.0,1119638.0,164689383.0,9.59807e-05,0.0067984832,0.0002979731,0.0009489467
464,Bangladesh,1643155200000,15440.0,49425.0,20.0,737025.0,602999.0,1414487.0,164689383.0,9.37522e-05,0.0085888172,0.0003001104,0.0012953368
465,Bangladesh,1643241600000,10378.0,46268.0,21.0,0.0,0.0,0.0,164689383.0,6.30156e-05,0.0,0.000280941,0.0020235113
466,Bangladesh,1643328000000,12183.0,33373.0,34.0,0.0,0.0,0.0,164689383.0,7.39756e-05,0.0,0.0002026421,0.002790774
467,Bangladesh,1643414400000,13501.0,43006.0,31.0,0.0,0.0,0.0,164689383.0,8.19786e-05,0.0,0.000261134,0.0022961262
468,Bangladesh,1643500800000,13154.0,45358.0,31.0,0.0,0.0,0.0,164689383.0,7.98716e-05,0.0,0.0002754154,0.0023566976
469,Bangladesh,1643587200000,12193.0,45093.0,36.0,0.0,0.0,0.0,164689383.0,7.40363e-05,0.0,0.0002738064,0.0029525137
470,Bangladesh,1643673600000,11596.0,44451.0,33.0,0.0,0.0,0.0,164689383.0,7.04113e-05,0.0,0.0002699081,0.0028458089
471,Bangladesh,1643760000000,9052.0,44843.0,30.0,0.0,0.0,0.0,164689383.0,5.49641e-05,0.0,0.0002722883,0.0033141847
472,Bangladesh,1643846400000,8359.0,39445.0,36.0,0.0,0.0,0.0,164689383.0,5.07562e-05,0.0,0.0002395115,0.0043067353
473,Bangladesh,1643932800000,8345.0,35074.0,29.0,0.0,0.0,0.0,164689383.0,5.06711e-05,0.0,0.0002129706,0.0034751348
474,Bangladesh,1644019200000,9369.0,38821.0,38.0,0.0,0.0,0.0,164689383.0,5.68889e-05,0.0,0.0002357225,0.0040559291
475,Bangladesh,1644105600000,8354.0,44471.0,43.0,0.0,0.0,0.0,164689383.0,5.07258e-05,0.0,0.0002700296,0.0051472349
476,Bangladesh,1644192000000,8016.0,41698.0,33.0,0.0,0.0,0.0,164689383.0,4.86734e-05,0.0,0.0002531918,0.0041167665
477,Bangladesh,1644278400000,7264.0,42564.0,41.0,0.0,0.0,0.0,164689383.0,4.41073e-05,0.0,0.0002584502,0.0056442731
478,Bangladesh,1644364800000,5268.0,42867.0,27.0,0.0,0.0,0.0,164689383.0,3.19875e-05,0.0,0.00026029,0.0051252847
479,Bangladesh,1644451200000,5023.0,34067.0,20.0,0.0,0.0,0.0,164689383.0,3.04998e-05,0.0,0.0002068561,0.0039816843
480,Bangladesh,1644537600000,4838.0,30448.0,28.0,0.0,0.0,0.0,164689383.0,2.93765e-05,0.0,0.0001848814,0.0057875155
481,Bangladesh,1644624000000,4692.0,32574.0,19.0,0.0,0.0,0.0,164689383.0,2.849e-05,0.0,0.0001977905,0.0040494459
482,Bangladesh,1644710400000,4746.0,34689.0,34.0,0.0,0.0,0.0,164689383.0,2.88179e-05,0.0,0.0002106329,0.0071639275
483,Bangladesh,1644796800000,0.0,0.0,0.0,0.0,0.0,0.0,164689383.0,0.0,0.0,0.0,
484,Bangladesh,1644883200000,0.0,0.0,0.0,0.0,0.0,0.0,164689383.0,0.0,0.0,0.0,
485,Barbados,1642377600000,652.0,0.0,2.0,87.0,109.0,196.0,287371.0,0.0022688441,0.0006820452,0.0,0.0030674847
486,Barbados,1642464000000,0.0,0.0,0.0,72.0,102.0,174.0,287371.0,0.0,0.0006054891,0.0,
487,Barbados,1642550400000,1236.0,0.0,2.0,2.0,8.0,10.0,287371.0,0.0043010603,3.47982e-05,0.0,0.001618123
488,Barbados,1642636800000,549.0,0.0,1.0,7.0,16.0,23.0,287371.0,0.0019104224,8.00359e-05,0.0,0.0018214936
489,Barbados,1642723200000,415.0,0.0,0.0,52.0,38.0,90.0,287371.0,0.0014441262,0.000313184,0.0,0.0
490,Barbados,1642809600000,0.0,0.0,0.0,115.0,119.0,234.0,287371.0,0.0,0.0008142784,0.0,
491,Barbados,1642896000000,626.0,0.0,1.0,86.0,89.0,175.0,287371.0,0.0021783687,0.0006089689,0.0,0.0015974441
492,Barbados,1642982400000,497.0,0.0,1.0,74.0,63.0,137.0,287371.0,0.0017294717,0.0004767356,0.0,0.0020120724
493,Barbados,1643068800000,1646.0,0.0,0.0,113.0,109.0,222.0,287371.0,0.0057277874,0.0007725205,0.0,0.0
494,Barbados,1643155200000,0.0,0.0,1.0,116.0,123.0,239.0,287371.0,0.0,0.0008316775,0.0,
495,Barbados,1643241600000,767.0,0.0,0.0,105.0,89.0,194.0,287371.0,0.0026690237,0.0006750855,0.0,0.0
496,Barbados,1643328000000,0.0,0.0,0.0,0.0,0.0,0.0,287371.0,0.0,0.0,0.0,
497,Barbados,1643414400000,1871.0,0.0,2.0,0.0,0.0,0.0,287371.0,0.0065107474,0.0,0.0,0.0010689471
498,Barbados,1643500800000,0.0,0.0,0.0,0.0,0.0,0.0,287371.0,0.0,0.0,0.0,
499,Barbados,1643587200000,1223.0,0.0,2.0,0.0,0.0,0.0,287371.0,0.0042558226,0.0,0.0,0.001635323
500,Barbados,1643673600000,681.0,0.0,1.0,0.0,0.0,0.0,287371.0,0.002369759,0.0,0.0,0.0014684288
